<Configuration>
  <Add OfficeClientEdition="32" Channel="MonthlyEnterprise" OfficeMgmtCOM="TRUE">
    <Product ID="ProjectProRetail">
      <Language ID="en-us" />
      <Language ID="nl-nl" />
      <ExcludeApp ID="Groove" />
      <ExcludeApp ID="OneDrive" />
    </Product>
    <Product ID="ProofingTools">
      <Language ID="nl-nl" />
	<Language ID="en-us" />
    </Product>
  </Add>
  <Property Name="SharedComputerLicensing" Value="0" />
  <Property Name="FORCEAPPSHUTDOWN" Value="TRUE" />
  <Property Name="DeviceBasedLicensing" Value="0" />
  <Property Name="SCLCacheOverride" Value="0" />
  <RemoveMSI>
    <IgnoreProduct ID="InfoPath" />
    <IgnoreProduct ID="InfoPathR" />
    <IgnoreProduct ID="PrjPro" />
    <IgnoreProduct ID="PrjStd" />
    <IgnoreProduct ID="SharePointDesigner" />
  </RemoveMSI>
  <Display Level="none" AcceptEULA="TRUE" />
</Configuration>